﻿{"cameraMode":{"drawMode":0,"name":"Shaded","section":"Shading Mode"},"sceneLighting":true,"audioPlay":false,"sceneViewState":{"showFog":true,"showMaterialUpdate":false,"showSkybox":true,"showFlares":true,"showImageEffects":true,"showParticleSystems":true},"in2DMode":false,"pivot":{"x":2.7543752193450929,"y":1.5541239976882935,"z":0.3054671585559845},"rotation":{"x":0.08227187395095825,"y":0.4924837350845337,"z":-0.04683229327201843,"w":0.86515873670578},"size":4.472678184509277,"orthographic":false}